Somsak, "Bangkok, Txhailand", somsak@example.com,096-8695959
Somsri, "Chiangmai, Thailand", somsri@example.com,096-8675959
Sompob, "Lampang, Thailand", sompob@example.com,096-8695659
Somtob, "Phuket, Thailand", somtob@example.com,096-8693359
Somkob, "Pattaya, Thailand", somkob@example.com,096-8395959
Somkit, "Ranong, Thailand", somkit@example.com,096-8295959
Sommit, "Rayong, Thailand", sommit@example.com,096-8195959
Somjit, "Nan, Thailand", somjit@example.com,096-8655959
Somros, "Saraburi, Thailand" , somros@example.com,093-8695959
Somrak, "Khonkaen, Thailand", somrak@example.com,086-8645959
Somjak, "Bangkok, Thailand", somjak@example.com,096-8695959
Sompetch, "Bangkok, Thailand", Sompetch@example.com,096-8695959
